{"ca": [0.10506082326173782, 0.13010789453983307, 0.1298396736383438, 0.10211171209812164, 0.07613767683506012, 0.09109272807836533, 0.07198101282119751, 0.10314629971981049, 0.08224469423294067, 0.10827750712633133], "de": [0.1030096709728241, 0.10462971031665802, 0.10450778156518936, 0.09727824479341507, 0.06357346475124359, 0.12568888068199158, 0.10331729799509048, 0.10332205146551132, 0.12802362442016602, 0.06664927303791046], "fr": [0.11300689727067947, 0.10384902358055115, 0.08664772659540176, 0.12947013974189758, 0.11998983472585678, 0.10177881270647049, 0.07984644919633865, 0.11445263773202896, 0.07612986117601395, 0.0748286247253418], "in": [0.11310263723134995, 0.09340482950210571, 0.06622997671365738, 0.10106855630874634, 0.07306639850139618, 0.09414092451334, 0.11384378373622894, 0.10224976390600204, 0.12242025882005692, 0.12047289311885834], "jp": [0.09981278330087662, 0.13039247691631317, 0.060575179755687714, 0.11146564781665802, 0.13185414671897888, 0.09466709196567535, 0.056770939379930496, 0.08738221973180771, 0.1135859563946724, 0.11349356174468994], "mx": [0.06145423650741577, 0.11061642318964005, 0.13976618647575378, 0.10444798320531845, 0.10355579853057861, 0.11153741180896759, 0.11101967841386795, 0.0545925498008728, 0.0671875849366188, 0.13582217693328857], "uk": [0.1256907880306244, 0.09256208688020706, 0.09255775064229965, 0.09989237785339355, 0.10193660110235214, 0.08548589795827866, 0.10430879145860672, 0.07089255750179291, 0.12561236321926117, 0.10106080025434494], "us": [0.11238706856966019, 0.11104357242584229, 0.08288731426000595, 0.07220495492219925, 0.12583227455615997, 0.1315574198961258, 0.06741397827863693, 0.09724922478199005, 0.10003600269556046, 0.09938821196556091]}