{"ca": [0.05112249404191971, 0.06826921552419662, 0.06543669104576111, 0.09267918765544891, 0.06612224131822586, 0.08872465789318085, 0.05852128565311432, 0.03172953799366951, 0.06443426758050919, 0.056253623217344284, 0.0471256747841835, 0.08206086605787277, 0.06040387600660324, 0.08779051899909973, 0.03056766837835312, 0.04875819385051727], "de": [0.03100685216486454, 0.08263543993234634, 0.06622111797332764, 0.063611701130867, 0.065523162484169, 0.08818221092224121, 0.08743903785943985, 0.0316619910299778, 0.04880087822675705, 0.049181919544935226, 0.08448914438486099, 0.031279344111680984, 0.051245737820863724, 0.08595588058233261, 0.08414028584957123, 0.04862529784440994], "fr": [0.04345828294754028, 0.09420759975910187, 0.05711587145924568, 0.050229545682668686, 0.03740782290697098, 0.07138153165578842, 0.047369685024023056, 0.09079502522945404, 0.06999000906944275, 0.03040091134607792, 0.05051470547914505, 0.07766790688037872, 0.07862427085638046, 0.03899000585079193, 0.082399383187294, 0.079447440803051], "in": [0.05512316897511482, 0.07980950176715851, 0.07695621997117996, 0.04987260326743126, 0.038480065762996674, 0.04350807145237923, 0.06428877264261246, 0.055518779903650284, 0.037313878536224365, 0.08953888714313507, 0.05190100893378258, 0.09528105705976486, 0.036267511546611786, 0.09535207599401474, 0.09186861664056778, 0.038919784128665924], "jp": [0.04130993410944939, 0.06398260593414307, 0.06028619781136513, 0.05329043045639992, 0.08346961438655853, 0.08372306078672409, 0.047663040459156036, 0.08028369396924973, 0.022480599582195282, 0.05591488629579544, 0.04245200380682945, 0.023796333000063896, 0.09687206149101257, 0.0826701670885086, 0.09845636785030365, 0.06334899365901947], "mx": [0.049240149557590485, 0.04733734205365181, 0.08661025762557983, 0.07686380296945572, 0.06557498872280121, 0.0866231769323349, 0.08051708340644836, 0.06008462607860565, 0.05751771107316017, 0.05347665399312973, 0.060946281999349594, 0.05650434270501137, 0.040235284715890884, 0.06940766423940659, 0.06987351924180984, 0.03918711468577385], "uk": [0.07268254458904266, 0.06973208487033844, 0.04777839034795761, 0.07922009378671646, 0.06934227049350739, 0.07869401574134827, 0.08923538029193878, 0.08867537975311279, 0.02386246994137764, 0.06640853732824326, 0.0680946633219719, 0.025509269908070564, 0.05232641100883484, 0.048448894172906876, 0.07034363597631454, 0.04964592680335045], "us": [0.06231657788157463, 0.054652001708745956, 0.09482807666063309, 0.058654651045799255, 0.06406548619270325, 0.03631392493844032, 0.08684421330690384, 0.0595286600291729, 0.04272211343050003, 0.08817920088768005, 0.03311842679977417, 0.07281365990638733, 0.048894401639699936, 0.06906073540449142, 0.08180619031190872, 0.046201709657907486]}